Intent,User_message,Entity,Bot_Response
Morning_Greeting,Bonjour,,"Bonjour ! ğŸŒ± Une belle journÃ©e pour manger sain, non ?"
Morning_Greeting,Bnjrr,,"Bonjour, besoin de conseils nutrition ?ğŸ"
Morning_Greeting,Bon matin,,"Bonjour, prÃªt pour une nouvelle journÃ©e ?ğŸŒ"
Morning_Greeting,"Bonjour, Ã§a va ?",,Bonjour ! En quoi puis-je vous Ãªtre utile ?ğŸ‘‹
Morning_Greeting,Rebonjour,,Toujours un plaisir de te retrouver ğŸ˜Š
Morning_Greeting,"Bonjour, je me sens fatiguÃ©(e)",,"Hey, quoi de neuf ?ğŸ˜Š"
Morning_Greeting,Morning,,Good morning! ğŸ“ Yogurt bowl or eggs for energy today?
,,,
Afternoon_Greeting,Bon aprÃ¨s-midi !	,,"Coucou chef ! ğŸ‘¨â€ğŸ³ Je propose salade quinoa ou poke bowl, tu prÃ©fÃ¨res ?"
Afternoon_Greeting,Hello lâ€™aprÃ¨s-midi,,Hey ! Voici ton menu <500 cal : 1. Soupe 2. Saumon vapeur 3. LentillesğŸ‘¨â€ğŸ³
Afternoon_Greeting,"Salut, bon aprem !	",,"Hello, envie de manger sain ?â¤ï¸"
Afternoon_Greeting,Bonne aprÃ¨s-midi Ã  toi	,,"Salut, comment tu vas ?ğŸƒâ€â™‚ï¸ğŸ¥¦"
Afternoon_Greeting,"Coucou, comment Ã§a va cet aprem ?",,Super initiative ! ğŸŒ¿ Voici des options 100% healthy pour toi
,,,
greeting_informal,Ciao,,Ciao ! ğŸŒ Comment puis-je t'aider aujourd'hui ?
greeting_informal,Hello,,Heyyy ! ğŸ’« Ton Ã©nergie est contagieuse ! Quel type de repas te motive ?
greeting_informal,yo,,GÃ©nial ! ğŸš€ Parlons de ton menu Ã©nergisant pour la journÃ©e !
greeting_informal,Hola,,Je suis lÃ  pour toi ! â¤ï¸ Par oÃ¹ commenÃ§ons-nous : recettes ou conseils ?
greeting_informal,"Hello, j'ai faim !",,Voici des idÃ©es pour calmer ta faim intelligemmentğŸ 
greeting_informal,"Coucou, je dÃ©bute en nutrition",,Bienvenue sur BiteWise! ğŸ‰ CommenÃ§ons par des bases simples et gourmandes.
greeting_informal,Hi !,,Hi there! ğŸŒŸ Ready to cook something delicious and healthy?
greeting_informal,Pst,,Hola! ğŸ¥‘ Â¿Recetas ligeras o llenas de sabor hoy?
greeting_informal,Ciao,,Ciao bella/o! ğŸ Pasta sana o algo ligero?
greeting_informal,pstt,,Je suis opÃ©rationnel ğŸ’¡ Balance ta question !
greeting_informal,Hallo,,Prends une grande inspiration ğŸ§˜â€â™‚ï¸... et parlons d'un menu apaisantğŸ¥¦ğŸ’ª
greeting_informal,yoooo,,Bonsoir ! ğŸŒ™ PrÃªt(e) pour un dÃ®ner Ã©quilibrÃ© ?
greeting_informal,hÃ©,,Hey hey ! Comment tu vas ? ğŸ˜Š
greeting_informal,hey bot,,Yo ! Tâ€™as besoin dâ€™un coup de main ? ğŸ’¬
greeting_informal,Hello le bot !,,Hello ! Je suis lÃ  pour vous ğŸ‘‹
greeting_informal,yoo bot,,Salut lâ€™ami ! Toujours dispo ğŸ˜
greeting_informal,"HÃ©, assistant !",,Jâ€™espÃ¨re que tu te sens en forme aujourdâ€™hui ğŸŒˆğŸ’š
greeting_informal,Wesh bien ou bien ?,,Oh salut ! Ã‡a fait plaisir de te revoir
greeting_informal,Yoo machine intelligente ,,Bonjour ! Comment puis-je vous aider aujourdâ€™hui ?
greeting_informal,ccc,,"Toujours lÃ  pour tâ€™aider, vas-y !ğŸ”¥ğŸ”¥"
greeting_informal,Coucou,,Salut ! N'hÃ©sitez pas Ã  poser votre question.ğŸ”¥
greeting_informal,on recommence ?,,je suis lÃ  ğŸ˜
greeting_informal,je viens te parler,,Salut ! Ton assistant intelligent est dispo
greeting_informal,psst psst,,je suis lÃ  ğŸ˜
greeting_informal,slt,,"Wesh, je suis lÃ  ğŸ˜"
greeting_informal,dispo ?,,Coucou toi ! Toujours lÃ  pour toi ğŸŒ
greeting_informal,du retour,,Content de te voir ici !ğŸ˜„
greeting_informal,Re coucou,,Le bot est en ligne !ğŸ’ª
greeting_informal,t'es disponible maintenant?,,"Biensur, je suis toujours disponibleğŸ”¥ğŸ”¥"
greeting_informal,discutons un peu ?,,"Hey, jâ€™Ã©tais justement en train de tâ€™attendre ğŸ˜„"
,,,
availability_check,c'est urgent,,"Je suis lÃ , 100% focus sur ton urgence ğŸ”"
availability_check,J'ai une question,,"Je suis lÃ  et prÃªt Ã  t'aider ! ğŸš€ Par quoi veux-tu commencer : conseils nutrition, recettes, ou suivi des objectifs ?"
availability_check,Tu peux m'aider ?,,Bien sÃ»r ğŸ˜Š! Pose-moi ta question ou dis-moi ce qui te prÃ©occute
availability_check,Il y a quelqu'un ?,,En ligne et concentrÃ© ğŸ‘€
availability_check,"Bot, t'es actif ?",,Je ne dors jamais ğŸ˜‰ Dis-moi ce que tu veux faire.
availability_check,"Hello, tu me vois ?",,Toujours en ligne ! Que puis-je faire pour toi ?ğŸ”¥
availability_check,Toujours en ligne ?,,Actif et motivÃ© comme un smoothie vert ! ğŸ’ª Quelle est ta demande ?
availability_check,Besoin d'un conseil vite fait,,Disponible 24/7 pour tes questions nutrition ! ğŸ•’ C'est pour un repas maintenant ou des conseils gÃ©nÃ©raux ?
availability_check,Ã‡a marche lÃ  ?,,"Pose ta question, je suis dispo ğŸ˜„"
availability_check,T'es disponible ?,,Yep ! Je suis prÃªt Ã  rÃ©pondreğŸ˜Š
availability_check,Je peux te demander un truc ?,,"Toujours ! ğŸ˜„Vas-y, demande-moi ce que tu veux â€” je suis tout ouÃ¯e ğŸ‘‚âœ¨"
availability_check,"Help, je suis en panne d'inspiration",," Pas de panique, je suis lÃ  avec toi ğŸ˜ŒğŸ’¬. On va gÃ©rer Ã§a ensemble, une chose Ã  la fois. Dis-moi ce quâ€™il se passe ğŸ™"
availability_check,"Ola bot, Ã§a roule ?",,Coucou warrior ! ğŸ‹ï¸â€â™‚ï¸ ProtÃ©ines ou detox aujourdâ€™hui ?
availability_check,tu mâ€™entends ?,,Toujours en ligne ! ğŸ’¡ Un problÃ¨me spÃ©cifique ou une recherche gÃ©nÃ©rale ?
availability_check,"Bot, tu es lÃ  ?",,Heyyy squad ! ğŸ’ª Quel dÃ©fi food on relÃ¨ve ensemble aujourdâ€™hui ?
availability_check,help!,,"PrÃªt Ã  tâ€™aider ! ğŸš€ Tape â€˜recetteâ€™, â€˜conseilâ€™ ou ton ingrÃ©dient favori."
availability_check,Comment Ã§a marche ?,,Je tâ€™aide Ã  trouver recettes/conseils. Dis-moi ton besoin en 1 mot !
availability_check,besoin d'aide,,"Bien sÃ»r ! Par oÃ¹ commencer : recettes, objectifs ou conseils ? ğŸ› ï¸"
availability_check,Aide-moi,,"OK, je suis avec toi. Quâ€™est-ce quâ€™on rÃ¨gle ensemble ? ğŸ’¡"
availability_check,Je suis perdu(e),,"Dis-moi ce qui te bloque, je vais faire de mon mieux pour tâ€™aider ğŸ˜‰"
availability_check,je suis en panique,,"Respire un bon coup, je suis avec toi. Explique-moi ce quâ€™il se passe ğŸ’™"
availability_check,??,,"Tu peux me demander nâ€™importe quoi, je suis prÃªt.ğŸ’¡"
availability_check,!!,,"Tu peux me demander nâ€™importe quoi, je suis prÃªt.ğŸ’¡"
availability_check,....,,"Tu peux me demander nâ€™importe quoi, je suis prÃªt. ğŸ’¡"
,,,
thanks,Merci!,,"Avec plaisir ! Si tâ€™as besoin de quoi que ce soit dâ€™autre, je suis lÃ  ğŸ˜‰"
thanks,Merci beaicoup,,Je suis content dâ€™avoir pu tâ€™aider !
thanks,"trop sympa, merci",,Nâ€™hÃ©site pas si tu as dâ€™autres questions ğŸ˜Š
thanks,Merci pour ton aide !,,Anytime ! On reste en Ã©quipe ğŸ’ª
thanks,Thanks bro,,Tu peux toujours compter sur moi âœŒï¸
thanks,"Câ€™Ã©tait top, merci",,Merci Ã  toi aussi pour ta confiance !
thanks,Merci infiniment.,,Câ€™est moi qui te remercie !â¤ï¸
thanks,"Merci bien, tâ€™assures !",,Ã‡a me fait plaisir de pouvoir aider ğŸ’™
thanks,"Franchement, merci du fond du cÅ“ur.",,Reviens quand tu veux !â¤ï¸
thanks,Merci pour ta rapiditÃ© !,,Ã€ ton service ğŸ™Œ
thanks,thank u,,"Avec plaisir ! Si tâ€™as besoin de quoi que ce soit dâ€™autre, je suis lÃ  ğŸ˜‰"
thanks,â¤ï¸,,Ã‡a me fait plaisir de pouvoir aider ğŸ’™
,,,
bitewise_guide,Comment fonctionne BiteWise ?,,"BiteWise tâ€™aide Ã  mieux manger ! ğŸ Tu peux scanner un produit, prendre une photo de ton repas ou importer une image, et lâ€™IA lâ€™analyse pour te donner des informations nutritionnelles dÃ©taillÃ©es. En plus, tu peux discuter avec des experts comme des nutritionnistes et suivre tes progrÃ¨s Ã  travers des graphiques dans ton profil ! ğŸ’ª"
bitewise_guide,C'est quoi BiteWise ?,,"BiteWise est une application de coaching nutritionnel intelligent ğŸğŸ“± qui tâ€™aide Ã  mieux gÃ©rer ton alimentation. Elle analyse tes repas grÃ¢ce Ã  lâ€™intelligence artificielle ğŸ¤–, que ce soit en scannant des codes-barres, en prenant des photos de tes repas ğŸ“¸, ou en important des images depuis ta galerie. En fonction de ce que tu manges, elle te donne des recommandations personnalisÃ©es ğŸ½ï¸ pour tâ€™aider Ã  atteindre tes objectifs santÃ© ğŸ‹ï¸â€â™‚ï¸, comme perdre du poids ou manger plus sainement ğŸŒ±. Tu peux aussi suivre tes progrÃ¨s avec des graphiques et des statistiques ğŸ“Š, discuter avec des experts comme des nutritionnistes ğŸ‘¨â€âš•ï¸, et dÃ©couvrir des recettes saines adaptÃ©es Ã  tes besoins ! ğŸ³ğŸ¥—"
bitewise_guide,Comment utiliser BiteWise ?,,Pour utiliser BiteWise :
bitewise_guide,Tu peux m'expliquer BiteWise ?,,"BiteWise est une application de coaching nutritionnel ğŸğŸ“±. Elle tâ€™aide Ã  analyser tes repas en scannant des codes-barres ğŸ“¸, en prenant une photo de ton repas ou en important une image depuis ta galerie ğŸ–¼ï¸. Lâ€™IA analyse les informations nutritionnelles et te donne des conseils personnalisÃ©s ğŸ½ï¸. Tu peux aussi discuter avec des experts ğŸ‘¨â€âš•ï¸ et suivre tes progrÃ¨s grÃ¢ce Ã  des graphiques ğŸ“Š. En plus, tu peux trouver des recettes saines ğŸ³ ou entrer les tiennes !"
bitewise_guide,bitewise c'est pour quoi ?,,Scanner un code-barres ğŸ“± : Scanne le code-barres d'un produit pour connaÃ®tre ses informations nutritionnelles.
bitewise_guide,A quoi sert BiteWise ?,,"BiteWise est une application de coaching nutritionnel intelligent ğŸ“±qui tâ€™aide Ã  mieux gÃ©rer ton alimentation et Ã  atteindre tes objectifs santÃ©. Elle analyse tes repas grÃ¢ce Ã  lâ€™intelligence artificielle, que ce soit en scannant des codes-barres, en prenant des photos de tes repas ou en important des images depuis ta galerie. Lâ€™application te fournit des recommandations personnalisÃ©es, te permet de suivre tes progrÃ¨s Ã  travers des graphiques et des statistiques, et offre la possibilitÃ© de discuter avec des experts en nutrition. De plus, tu peux rechercher des recettes saines ou entrer les tiennes pour obtenir des informations nutritionnelles dÃ©taillÃ©es."
bitewise_guide,Comment Ã§a marche BiteWise ?,,Prendre une photo ğŸ“¸ : Capture une photo de ton repas et laisse l'IA lâ€™analyser pour obtenir des conseils nutritionnels.
bitewise_guide,"BiteWise, comment je m'en sers ?",,BiteWise est super facile Ã  utiliser ! ğŸ“± Scanne un code-barres ou prends une photo de ton repas ğŸ“¸. Lâ€™IA te donnera des conseils personnalisÃ©s en fonction de ton alimentation. Suis ton Ã©volution dans ton profil ğŸ“Š et consulte des experts en nutrition ğŸ‘¨â€âš•ï¸ pour des conseils
bitewise_guide,"BiteWise, tu fais quoi exactement ?",,"BiteWise tâ€™aide Ã  mieux manger ! ğŸ Je scanne des produits ğŸ«, analyse des photos de tes repas ğŸ“¸ ou importe des images pour tâ€™offrir des infos nutritionnelles dÃ©taillÃ©es ğŸ§ . Je te donne aussi des conseils personnalisÃ©s pour atteindre tes objectifs santÃ© ğŸ’ª, tu peux suivre tes progrÃ¨s avec des graphiques ğŸ“Š, et consulter des experts ğŸ‘¨â€âš•ï¸ en nutrition"
bitewise_guide,C'est quoi ce truc BiteWise ?,,"BiteWise est une app de coaching nutritionnel ğŸğŸ“±. Elle tâ€™aide Ã  analyser tes repas ğŸ½ï¸ grÃ¢ce Ã  lâ€™IA ğŸ¤–. Tu peux scanner des produits avec des codes-barres ğŸ“¦, prendre des photos de tes repas ğŸ“¸ ou importer des images depuis ta galerie ğŸ–¼ï¸. En retour, tu reÃ§ois des conseils personnalisÃ©s ğŸ¥—, tu peux suivre tes progrÃ¨s avec des graphiques ğŸ“Š, et discuter avec des experts en nutrition ğŸ‘¨â€âš•ï¸. Tu peux aussi dÃ©couvrir des recettes saines ğŸ³ et les ajouter Ã  ton profil !"
,,,
analyse_food,"Si je prends mon repas en photo, tu peux lâ€™analyser ?",,"Oui ! Va dans la section Analyse ğŸ“Š, clique sur ""Snap a new photo"" ğŸ“¸ et attends quelques secondes â±ï¸. Lâ€™IA va te gÃ©nÃ©rer un rapport nutritionnel complet avec calories, nutriments et conseils adaptÃ©s ğŸ½ï¸ğŸ’¡"
analyse_food,Je peux prendre une photo de mon assiette ?,,"Va dans la section Analyse ğŸ“Š, clique sur ""Snap a new photo"" ğŸ“¸ et attends quelques secondes â±ï¸. Lâ€™IA va te gÃ©nÃ©rer un rapport nutritionnel complet avec calories, nutriments et conseils adaptÃ©s ğŸ½ï¸ğŸ’¡"
analyse_food,Et si jâ€™ai dÃ©jÃ  une photo de mon plat ?,,"Ouvre la section Analyse ğŸ“Š, clique sur ""Import from gallery"" ğŸ–¼ï¸, choisis ton image, et laisse lâ€™IA analyser ton repas ğŸ§ . En quelques instants, tu auras toutes les infos nutritionnelles de ton plat ğŸ²ğŸ“ˆ"
analyse_food,Je peux utiliser une image de ma galerie ?,,"Oui, ouvre la section Analyse ğŸ“Š, clique sur ""Import from gallery"" ğŸ–¼ï¸, choisis ton image, et laisse lâ€™IA analyser ton repas ğŸ§ . En quelques instants, tu auras toutes les infos nutritionnelles de ton plat ğŸ²ğŸ“ˆ"
analyse_food,Et pour les snacks ?,,"Pour les produits emballÃ©s, va dans la section d'analyse puis sÃ©lectionne ""Barcode scan"" ğŸ“¦ğŸ“². Scanne le code-barres et obtiens immÃ©diatement les infos nutritionnelles dÃ©taillÃ©es du produit ğŸ«ğŸ”. Ultra pratique pour les snacks !"
analyse_food,Tu reconnais les aliments avec code-barres ?,,"Pour les produits emballÃ©s, va dans la section d'analyse puis sÃ©lectionne ""Barcode scan"" ğŸ“¦ğŸ“². Scanne le code-barres et obtiens immÃ©diatement les infos nutritionnelles dÃ©taillÃ©es du produit ğŸ«ğŸ”. Ultra pratique pour les snacks !"
analyse_food,Que faire si l'IA a mal identifiÃ© un ingrÃ©dient ?,,"Si lâ€™IA Ã©choue Ã  identifier un ingrÃ©dient ou donne des donnÃ©es erronÃ©es ğŸš«, tu peux cliquer sur ""It's incorrect"" âŒ, puis modifier lâ€™ingrÃ©dient manuellement âœï¸. AprÃ¨s Ã§a, relance simplement lâ€™analyse ğŸ”„ et obtient une nouvelle estimation !"
,,,
progress,OÃ¹ je peux voir mon Ã©volution ?,,"Tu peux suivre ton Ã©volution dans la section ""profile"" ğŸ“Š. Les donnÃ©es sont affichÃ©es sous forme de graphiques par semaine, mois ou annÃ©e ğŸ“…. Tu verras comment tu avances vers tes objectifs santÃ© ğŸ’ª"
progress,Comment suivre mes progrÃ¨s ?,,"Tu peux suivre ton Ã©volution dans lâ€™onglet ""ProgrÃ¨s"" ğŸ“Š. Les donnÃ©es sont affichÃ©es sous forme de graphiques par semaine, mois ou annÃ©e ğŸ“…. Tu verras comment tu avances vers tes objectifs santÃ© ğŸ’ª"
progress,BiteWise me montre des stats ?,,"Pour modifier ton poids actuel, ton poids cible ğŸ¯, ou tes allergies et prÃ©fÃ©rences alimentaires ğŸ¥¦ğŸš«, va dans Settings âš™ï¸Mets Ã  jour ce qui te concerne, et câ€™est tout bon âœ… !"
progress,Y a des graphiques de mon activitÃ© ?,,"Tu peux consulter tes progrÃ¨s par semaine, mois ou annÃ©e. Ã‡a tâ€™aide Ã  garder une vue globale sur tes efforts et tes rÃ©sultats au fil du temps â³ğŸ“‰ğŸ“ˆ"
progress,Je peux voir mes rÃ©sultats sur une semaine ?,,"Absolument ! dans votre profil tu peux visualiser tes rÃ©sultats sur une semaine, un mois ou mÃªme une annÃ©e ğŸ“…. Pratique pour suivre ton Ã©volution jour aprÃ¨s jour ğŸ’ªğŸŒŸ !"
progress,Comment mettre Ã  jour mon poids ?,,"Tu peux modifier ton poids actuel toi-mÃªme âš–ï¸ en allant dans Settings âš™ï¸. Sinon,  BiteWise tâ€™enverra aussi des notifications rÃ©guliÃ¨res ğŸ”” pour te rappeler de le mettre Ã  jour et rÃ©gÃ©nÃ©rer ta valeur BMC automatiquement ğŸ§ ğŸ“ˆ"
progress,OÃ¹ je change mon objectif de poids ?,,"Tu peux changer ton poids quand tu veux depuis Settings âš™ï¸ Et pas de panique ğŸ˜„, BiteWise tâ€™envoie des rappels rÃ©guliers ğŸ”” pour ne pas oublier de le mettre Ã  jour et recalculer ta valeur BMC d'une maniÃ¨re automatiqueğŸ’¡ğŸ“Š"
progress,Comment consulter mes anciens rÃ©sultats ?,,"ğŸ“Š Dans ton profil, tu peux visualiser ton progrÃ¨s par semaine, mois et annÃ©e. Tu y trouveras des graphiques ğŸ“ˆ et un historique dÃ©taillÃ© de ton activitÃ©."
progress,Y a-t-il une vue graphique de mes performances ?,,"ğŸ“Š Oui, BiteWise te propose une vue graphique claire de tes performances dans la section ""Progression"" ğŸ‘¤. Tu peux suivre ton Ã©volution par jour, semaine ou mois Ã  lâ€™aide de courbes et de statistiques visuelles ğŸ“ˆ."
progress,Est-ce quâ€™il y a un rapport de suivi ?,,"ğŸ“Š Oui ! BiteWise gÃ©nÃ¨re automatiquement un rapport de suivi dans ton profil ğŸ‘¤. Tu y trouveras un rÃ©sumÃ© de tes progrÃ¨s ğŸ”, avec des graphiques clairs par semaine, mois ou annÃ©e."
progress,Comment je compare mes performances avec la semaine derniÃ¨re ?,,Tu peux comparer tes progrÃ¨s sur diffÃ©rentes pÃ©riodes depuis ton profil.
progress,Comment consulter mes anciens rÃ©sultats ?,,"ğŸ•“ Tu peux consulter tes anciens rÃ©sultats dans ton profil ğŸ‘¤. Lâ€™app enregistre ton historique par semaine, mois et annÃ©e pour que tu puisses suivre ton Ã©volution facilement."
progress,Est-ce que BiteWise garde une trace de mes activitÃ©s ?,,"ğŸ—‚ï¸ Oui, tu peux le consulter dans ton profil. Câ€™est triÃ© par semaine, mois et annÃ©e pour mieux suivre ton parcours."
progress,BiteWise affiche-t-il un rÃ©sumÃ© de mes progrÃ¨s ?,,"ğŸ“± Dans ton espace personnel, tu as un suivi complet de ton activitÃ© ğŸ’ª, avec stats hebdomadaires ğŸ“ˆ, mensuelles ğŸ“Š et annuelles "
progress,Y a un endroit pour voir mes stats ?,,"ğŸ“± Dans ton espace personnel, tu as un suivi complet de ton activitÃ© ğŸ’ª, avec stats hebdomadaires ğŸ“ˆ, mensuelles ğŸ“Š et annuelles "
progress,OÃ¹ je peux suivre mes efforts ?,,"ğŸ“± Dans ton espace personnel, tu as un suivi complet de ton activitÃ© ğŸ’ª, avec stats hebdomadaires ğŸ“ˆ, mensuelles ğŸ“Š et annuelles "
progress,BiteWise garde mon historique ?,,"ğŸ’¡ Oui ! BiteWise analyse ton profil, tes repas et tes progrÃ¨s pour te proposer des recommandations 100% personnalisÃ©es ğŸ¯."
,,,
recommendations,Est-ce que BiteWise me donne des recommandations ?,,ğŸ§  Lâ€™app apprend de tes habitudes alimentaires et tâ€™oriente vers des choix plus sains pour tâ€™aider Ã  atteindre tes objectifs ğŸ’ª
recommendations,Jâ€™ai des conseils personnalisÃ©s quelque part ?,,"ğŸ“ˆ En suivant ton Ã©volution et ce que tu consommes, BiteWise ajuste ses conseils pour rester alignÃ© avec tes objectifs de santÃ©."
recommendations,Comment BiteWise mâ€™aide Ã  atteindre mes objectifs ?,,"ğŸ› ï¸ BiteWise ajuste ses recommandations automatiquement en fonction de ton niveau dâ€™activitÃ©, de tes repas et de ton historique."
recommendations,Lâ€™app me fait des suggestions selon ce que je mange ?,,ğŸ¥— Tu recevras des suggestions adaptÃ©es Ã  ton rythme et Ã  tes prÃ©fÃ©rences alimentaires.
recommendations,"Je veux des conseils adaptÃ©s Ã  mes habitudes, câ€™est possible ?",,"ğŸ§  Oui, totalement ! BiteWise analyse tes habitudes alimentaires ğŸ½ï¸ et ton comportement pour te proposer des conseils personnalisÃ©s qui correspondent Ã  ton mode de vie. ğŸ’ªğŸ“Š"
recommendations,BiteWise sâ€™adapte Ã  mon profil ?,,"Oui, BiteWise sâ€™adapte Ã  votre profil ! ğŸ˜Š Lâ€™application analyse vos habitudes alimentaires ğŸğŸ¥—, vos objectifs de santÃ© ğŸ‹ï¸â€â™‚ï¸ğŸ’ª, et vos progrÃ¨s ğŸ“ˆ pour vous offrir des recommandations personnalisÃ©es ğŸ¯. En fonction de vos repas ğŸ½ï¸, de vos prÃ©fÃ©rences et de vos besoins spÃ©cifiques, BiteWise ajuste ses conseils pour vous aider Ã  atteindre vos objectifs de maniÃ¨re optimale ğŸš€."
recommendations,Je peux avoir un plan selon mes repas ?,,"Oui, en fonction de ce que vous mangez, BiteWise peut vous suggÃ©rer des plans adaptÃ©s qui vous aident Ã  progresser vers vos objectifs tout en vous apportant des recommandations nutritionnelles prÃ©cises. ğŸ“…ğŸ"
recommendations,Est-ce que mes progrÃ¨s influencent les recommandations ?,,"Oui, chaque Ã©tape de votre parcours est prise en compte ! ğŸ›¤ï¸ BiteWise adapte les recommandations en fonction de vos progrÃ¨s pour vous soutenir efficacement dans l'atteinte de vos objectifs. ğŸ…"
recommendations,BiteWise me donne quoi comme recommandations ?,,"Oui, vos progrÃ¨s sont pris en compte ! ğŸ“ˆ BiteWise ajuste ses recommandations en fonction de vos avancÃ©es pour vous garantir que vous Ãªtes toujours sur la bonne voie pour atteindre vos objectifs. ğŸ¯"
recommendations,Comment BiteWise sait quoi me conseiller ?,,"BiteWise utilise des algorithmes d'IA pour analyser vos donnÃ©es alimentaires et vos objectifs de santÃ©. GrÃ¢ce Ã  ces analyses, elle gÃ©nÃ¨re des recommandations sur mesure qui Ã©voluent avec vous. ğŸ”ğŸ"
recommendations,Comment avoir des conseils santÃ© dans BiteWise ?,,Vous recevrez des conseils santÃ© directement dans BiteWise dÃ¨s que vous crÃ©ez votre profil et dÃ©finissez vos objectifs. L'app adapte ensuite ses suggestions en fonction de vos repas et de vos progrÃ¨s ! ğŸğŸ¯
recommendations,BiteWise mâ€™aide Ã  mieux manger ?,,"Oui ! ğŸ¯ BiteWise est conÃ§ue pour vous aider Ã  mieux manger en vous guidant vers des choix alimentaires plus Ã©quilibrÃ©s. En fonction de vos habitudes et de vos progrÃ¨s, lâ€™app vous offre des recommandations pour amÃ©liorer votre nutrition. ğŸ"
recommendations,Les recommandations changent selon ce que je mange ?,,"Oui, les recommandations de BiteWise changent en fonction de ce que vous mangez ! ğŸ½ï¸ L'application analyse vos repas et ajuste ses conseils pour vous aider Ã  atteindre vos objectifs de maniÃ¨re plus ciblÃ©e. ğŸ“Š"
recommendations,Il y a des suggestions alimentaires dans lâ€™app ?,,Absolument ! ğŸ¯ BiteWise offre des suggestions alimentaires personnalisÃ©es selon vos besoins nutritionnels. Lâ€™app vous recommande des repas et des ingrÃ©dients pour vous aider Ã  atteindre vos objectifs de santÃ©. ğŸ
,,,
notifications,Jâ€™ai la main pour dÃ©finir des alarmes dans BiteWise ?,,"Absolument ! ğŸ¯ BiteWise vous permet de programmer vos propres rappels dans lâ€™onglet Reminders. Que ce soit pour boire de lâ€™eau ğŸ’§, faire une pause ğŸ§˜ ou manger un snack sain ğŸŒ, vous choisissez lâ€™heure et le sujet !"
notifications,Est-ce que je peux programmer des rappels personnalisÃ©s ?,,"Oui ! ğŸ“² Dans la section Reminders, vous pouvez crÃ©er des alarmes pour ce que vous voulez : petit-dÃ©j ğŸ¥, collation ğŸª, sport ğŸ‹ï¸â€â™‚ï¸, hydratation ğŸ’¦... Câ€™est vous qui dÃ©cidez de lâ€™heure â° et du thÃ¨me !"
notifications,Je peux recevoir une alerte pour boire de lâ€™eau ?,,"Tout Ã  fait ! ğŸ¤– BiteWise vous donne la main pour crÃ©er des rappels personnalisÃ©s dans lâ€™onglet Reminders. Choisissez lâ€™Ã©vÃ©nement (repas ğŸ½ï¸, sport ğŸ’ª, hydratation ğŸš°...) et dÃ©finissez lâ€™heure qui vous convient ! ğŸ“…"
notifications,Comment BiteWise mâ€™aide Ã  me souvenir de mes objectifs ?,,Pas de panique ğŸ˜Œ ! BiteWise tâ€™envoie des notifications rÃ©guliÃ¨res ğŸ“² pour te rappeler tes objectifs ğŸ¯ et tâ€™encourager Ã  rester sur la bonne voie. Tu peux mÃªme dÃ©finir toi-mÃªme les rappels dans Reminders ! ğŸ””
notifications,Yâ€™a-t-il des notifications automatiques dans lâ€™application ?,,"Oui ! ğŸŸ¢ BiteWise envoie automatiquement des notifications ğŸ“² avec des conseils santÃ© ğŸ¥—, des rappels dâ€™hydratation ğŸ’§, et d'autres astuces pour tâ€™aider Ã  rester sur la bonne voie ğŸ’ª !"
notifications,"Je veux Ãªtre rappelÃ© quand je dois manger, câ€™est possible ?",,"Oui câ€™est tout Ã  fait possible ! â° Dans la section Reminders, tu peux programmer des rappels pour tes repas ğŸ½ï¸, que ce soit le petit-dÃ©jeuner ğŸ¥, le dÃ©jeuner ğŸ² ou mÃªme un snack ğŸ. Tu choisis lâ€™heure et BiteWise te prÃ©vient !"
notifications,Est-ce que lâ€™app peut mâ€™envoyer des conseils chaque jour ?,,"Absolument ! ğŸ¤– Lâ€™application te partage rÃ©guliÃ¨rement des conseils utiles sur la nutrition ğŸ½ï¸, la santÃ© ğŸ§  et lâ€™hydratation ğŸ’¦ sans que tu aies besoin de les programmer toi-mÃªme !"
notifications,Je peux choisir lâ€™heure des notifications ?,,"Absolument ! ğŸ˜„ Câ€™est toi qui choisis lâ€™heure des rappels dans BiteWise. Tu vas dans Reminders, tu sÃ©lectionnes ton Ã©vÃ©nement et tu rÃ¨gles lâ€™heure qui te convient ! ğŸ””ğŸ¯"
notifications,BiteWise mâ€™envoie des rappels pour rester en bonne santÃ© ?,,"Oui, BiteWise pense Ã  toi ğŸ’š ! Lâ€™app tâ€™envoie rÃ©guliÃ¨rement des rappels ğŸ“² pour tâ€™encourager Ã  manger Ã©quilibrÃ© ğŸ¥—, tâ€™hydrater ğŸ’§ et bouger un peu ğŸƒâ€â™‚ï¸. Tout pour rester en bonne santÃ© !"
notifications,Peut-on crÃ©er des rappels pour sâ€™hydrater ?,,Tout Ã  fait ! â° BiteWise te rappelle chaque matin de boire tes 2L d'eau ğŸ’¦. Lâ€™app tâ€™aide Ã  rester bien hydratÃ©(e) pendant la journÃ©e avec des rappels rÃ©guliers. ğŸ’§ğŸ§ 
notifications,Est-ce que je peux mettre un rappel pour faire du sport ?,,"Bien sÃ»r ! Vous pouvez aller dans la section Reminders ğŸ”” pour programmer des rappels comme le sport ğŸƒ, vos repas ğŸ², ou mÃªme juste penser Ã  respirer et boire de lâ€™eau ğŸ’§. Tout est personnalisable ! ğŸ˜Š"
notifications,"Jâ€™oublie souvent de boire, BiteWise peut mâ€™aider ?",,"Pas de souci ! ğŸ˜… BiteWise pense Ã  toi chaque matin avec un rappel pour boire de l'eau ğŸ’§ et tâ€™aider Ã  atteindre tes objectifs dâ€™hydratation. Plus dâ€™oublis, juste de lâ€™eau Ã  boire ! ğŸ§ƒ"
notifications,Yâ€™a-t-il des notifications pour me motiver ?,,Oui ! ğŸ˜ƒ BiteWise te partage des conseils santÃ© personnalisÃ©s ğŸ“² pour t'aider Ã  rester motivÃ© et sur la bonne voie. Ces recommandations sont envoyÃ©es automatiquement pour te rappeler de prendre soin de toi au quotidien !
notifications,Est-ce que je peux recevoir des conseils santÃ© rÃ©guliers ?,,"Bien sÃ»r ! ğŸ’¡ Chaque jour, BiteWise tâ€™envoie des conseils santÃ© adaptÃ©s Ã  ton profil ğŸ§˜â€â™€ï¸. Lâ€™application tâ€™aide Ã  amÃ©liorer ton alimentation ğŸ½ï¸ et ton bien-Ãªtre gÃ©nÃ©ral avec des astuces pratiques. ğŸ‹ï¸â€â™‚ï¸"
notifications,Je peux configurer des alarmes selon mes besoins ?,,"Absolument ! ğŸ”” Tu as la libertÃ© de personnaliser tes rappels dans lâ€™app BiteWise. Tu peux dÃ©finir des alarmes pour chaque activitÃ© (petit-dÃ©jeuner ğŸ¥, sport ğŸƒâ€â™‚ï¸, ou mÃªme boire de lâ€™eau ğŸ’¦) selon ton emploi du temps !"
notifications,BiteWise propose des notifications sur lâ€™alimentation ?,,"Oui, totalement ! ğŸ½ï¸ BiteWise tâ€™envoie des notifications rÃ©guliÃ¨res pour te rappeler tes repas ğŸ¥˜ et tâ€™offrir des conseils pour bien manger ğŸ. Ces rappels tâ€™aident Ã  rester sur la bonne voie ! ğŸ’ª"
notifications,Lâ€™app peut mâ€™envoyer des rappels pour mes objectifs ?,,"Oui, en effet ! ğŸ“… BiteWise peut tâ€™envoyer des rappels pour tâ€™aider Ã  atteindre tes objectifs, quâ€™il sâ€™agisse dâ€™une bonne alimentation ğŸ¥—, dâ€™une routine de sport ğŸƒâ€â™‚ï¸ ou mÃªme dâ€™hydratation ğŸ’¦. Rien nâ€™est oubliÃ© avec ces alertes rÃ©guliÃ¨res ! ğŸ“²"
notifications,Comment je reÃ§ois les alertes de santÃ© ?,,"Oui, bien sÃ»r ! ğŸ¥‘ BiteWise propose des notifications sur ton alimentation ğŸ”. Que ce soit pour te rappeler de manger ou pour tâ€™offrir des conseils santÃ© ğŸ, lâ€™app tâ€™accompagne tout au long de ta journÃ©e !"
notifications,Je peux choisir le type de rappel que je veux ?,,"Oui, tu peux ! ğŸ‰ Dans Reminders, tu choisis le type de rappel que tu veux recevoir, que ce soit pour manger ğŸ½ï¸, tâ€™hydrater ğŸ’§ ou faire du sport ğŸƒâ€â™€ï¸. Lâ€™app sâ€™adapte Ã  tes prioritÃ©s !"
notifications,Est-ce que je peux Ãªtre notifiÃ© automatiquement quand il faut faire une pause ?,,"Oui, absolument ! â° BiteWise peut t'envoyer une notification automatique pour te rappeler de faire une pause ğŸ§˜â€â™€ï¸, que ce soit pour te dÃ©tendre, boire de lâ€™eau ğŸ’§ ou simplement tâ€™Ã©tirer. Un petit rappel pour bien prendre soin de toi au quotidien !"
,,,
security,Que faire si j'ai oubliÃ© mon mot de passe ?,,"Pas de panique ! ğŸ˜Œ Si tu oublies ton mot de passe, clique sur ""Mot de passe oubliÃ© ?"". Un lien de rÃ©initialisation sera envoyÃ© Ã  ton adresse e-mail pour te permettre de le changer ğŸ”‘ğŸ“§."
security,Comment rÃ©initialiser mon mot de passe ?,,"Câ€™est simple ! ğŸ”‘ Clique sur ""Mot de passe oubliÃ© ?"" sur lâ€™Ã©cran de connexion, et tu recevras un e-mail avec un lien pour rÃ©initialiser ton mot de passe ğŸš€. Assure-toi de choisir un mot de passe sÃ©curisÃ© !"
security,Est-ce que mes informations sont en sÃ©curitÃ© dans lâ€™application ?,,"Oui, absolument ! ğŸ” Tes informations sont totalement sÃ©curisÃ©es. Les mots de passe sont hachÃ©s avant dâ€™Ãªtre stockÃ©s dans la base de donnÃ©es, ce qui garantit leur sÃ©curitÃ© ğŸ”’. Tes donnÃ©es sont protÃ©gÃ©es !"
security,Est-ce que mon mot de passe est stockÃ© en toute sÃ©curitÃ© ?,,"Oui, ton mot de passe est entiÃ¨rement sÃ©curisÃ© ! ğŸ”’ Il est hachÃ© avant d'Ãªtre enregistrÃ© dans la base de donnÃ©es, ce qui rend impossible sa rÃ©cupÃ©ration mÃªme en cas de piratage ğŸ›¡ï¸. Ta sÃ©curitÃ© est notre prioritÃ© !"
security,Puis-je changer mon mot de passe Ã  tout moment ?,,"Bien sÃ»r ! ğŸ”‘ Si tu veux changer ton mot de passe, va dans les paramÃ¨tres de sÃ©curitÃ© de lâ€™application et choisis l'option pour le modifier. Assure-toi de choisir un mot de passe robuste ğŸ” pour plus de sÃ©curitÃ© !"
security,Que faire si je n'ai pas reÃ§u le lien pour rÃ©initialiser mon mot de passe ?,,"Si tu nâ€™as pas reÃ§u le lien, vÃ©rifie dans ta boÃ®te de rÃ©ception, y compris dans tes spams ğŸ“§. Si ce nâ€™est toujours pas lÃ , essaie de le renvoyer ou contacte notre support technique pour tâ€™aider ğŸ’¬."
security,Est-ce que mes donnÃ©es sont protÃ©gÃ©es en cas de piratage ?,,"Oui, toutes tes donnÃ©es sont protÃ©gÃ©es ! ğŸ” MÃªme si quelquâ€™un essaie de pirater la base de donnÃ©es, les mots de passe sont hachÃ©s, donc ils ne peuvent pas Ãªtre rÃ©cupÃ©rÃ©s ğŸ›¡ï¸. Ta sÃ©curitÃ© est notre prioritÃ© numÃ©ro 1 !"
security,Comment savoir si mon mot de passe est assez sÃ©curisÃ© ?,,"Pour un mot de passe sÃ©curisÃ©, utilise une combinaison de lettres majuscules, minuscules, chiffres et symboles ğŸ§‘â€ğŸ’»ğŸ”. Plus ton mot de passe est complexe, plus il est difficile Ã  pirater ! Nâ€™hÃ©site pas Ã  utiliser un gestionnaire de mots de passe pour plus de sÃ©curitÃ© ğŸ”‘."
security,Le mot de passe est-il cryptÃ© ?,,Oui ! ğŸ” Les mots de passe sont cryptÃ©s et hachÃ©s avant dâ€™Ãªtre stockÃ©s dans notre base de donnÃ©es. Cela rend ton mot de passe totalement sÃ©curisÃ© et inaccessible Ã  toute personne non autorisÃ©e ğŸ”’.
security,,,
,,,
key_words,Comment le BMC est-il calculÃ© dans lâ€™application ?,,"Le BMC est calculÃ© automatiquement dans lâ€™application en fonction de ton poids et de ta taille ğŸ“âš–ï¸. Il se met Ã  jour dÃ¨s que tu modifies ton poids dans lâ€™app, te donnant une estimation prÃ©cise de ton indice corporel ğŸ’ª."
key_words,Quand dois-je mettre Ã  jour mon poids pour rÃ©gÃ©nÃ©rer mon BMC ?,,Lâ€™application tâ€™enverra une notification chaque mois ğŸ“… pour te rappeler de mettre Ã  jour ton poids ğŸ”„. Cela permet de rÃ©gÃ©nÃ©rer automatiquement ton BMC et de suivre lâ€™Ã©volution de ta santÃ© en temps rÃ©el ğŸ“Š.
key_words,Pourquoi lâ€™application me demande-t-elle de mettre Ã  jour mon poids ?,,Câ€™est pour sâ€™assurer que ton BMC reste Ã  jour et reflÃ¨te prÃ©cisÃ©ment ton Ã©tat corporel actuel ğŸ‘Œ. Lâ€™application tâ€™envoie une notification chaque mois pour que tu puisses facilement mettre Ã  jour ton poids et garder un suivi optimal ğŸƒâ€â™€ï¸
key_words,Est-ce que lâ€™application mâ€™aide Ã  suivre mon BMC ?,,"Oui, lâ€™application calcule ton BMC automatiquement et te rappelle chaque mois de mettre Ã  jour ton poids ğŸ“². Ainsi, tu peux suivre ton indice corporel en temps rÃ©el et voir comment il Ã©volue au fil du temps ğŸ’¡"
key_words,Quelle est la plage normale du BMC ?,,"Un BMC normal est gÃ©nÃ©ralement compris entre 18,5 et 24,9 ğŸ“Š. Si ton BMC est supÃ©rieur Ã  25, tu es dans la catÃ©gorie du surpoids, et au-dessus de 30, cela peut indiquer de lâ€™obÃ©sitÃ© âš ï¸. Il est toujours bon de consulter un professionnel de santÃ© pour une Ã©valuation plus prÃ©cise ğŸ‘©â€âš•ï¸. T'inquiÃ©tes, BiteWise se charge du calcul du BMC d'une maniÃ¨re automatique puis elle gÃ©nÃ©re la catÃ©gorie adÃ©quate, dans le profil"
,,, 
Delete_Account,Que se passe-t-il si je supprime mon compte ?,,"Si tu choisis de supprimer ton compte, toutes tes donnÃ©es seront supprimÃ©es de maniÃ¨re dÃ©finitive ğŸ—‘ï¸. Une fois le compte supprimÃ©, tu ne pourras pas rÃ©cupÃ©rer tes informations, alors rÃ©flÃ©chis bien avant de procÃ©der ğŸ”’."
Delete_Account,Comment puis-je supprimer mon compte ?,,"Pour supprimer ton compte, il te suffit de te rendre dans les paramÃ¨tres de ton profil, puis de cliquer sur ""Supprimer le compte"". AprÃ¨s cela, toutes tes donnÃ©es seront effacÃ©es dÃ©finitivement âŒ."
Delete_Account,Est-ce que je peux rÃ©cupÃ©rer mes donnÃ©es aprÃ¨s avoir supprimÃ© mon compte ?,,"Non, une fois que ton compte est supprimÃ©, toutes tes donnÃ©es sont effacÃ©es de maniÃ¨re irrÃ©versible ğŸ›‘. Assure-toi dâ€™avoir bien sauvegardÃ© tout ce que tu souhaites conserver avant de supprimer ton compte ğŸ”’."
Delete_Account,Pourquoi supprimer mon compte supprime-t-il toutes mes donnÃ©es ?,,"Lorsque tu supprimes ton compte, pour ta sÃ©curitÃ© et ta vie privÃ©e, toutes tes donnÃ©es sont effacÃ©es dÃ©finitivement ğŸ—‘ï¸. Cela garantit que tes informations personnelles ne sont plus stockÃ©es ou accessibles aprÃ¨s la suppression ğŸ’»."
Delete_Account,Y a-t-il une confirmation avant de supprimer mon compte ?,,"Oui, aprÃ¨s avoir cliquÃ© sur ""Supprimer le compte"", tu recevras une demande de confirmation pour t'assurer que câ€™est bien ce que tu veux faire ğŸ›‘. Si tu es sÃ»r(e), ta demande sera traitÃ©e et ton compte sera dÃ©finitivement supprimÃ© ğŸš®."
,,,
coach-interaction,Comment trouver un coach nutritionnel ?,,"ğŸ” Pour trouver un coach, accÃ©dez Ã  la section ""Coachs"" et explorez les profils disponibles. Vous pouvez filtrer par spÃ©cialitÃ©, expÃ©rience ou lieu dâ€™exercice."
coach-interaction,OÃ¹ puis-je voir la liste des experts disponibles ?,,"ğŸ“‹ La liste des experts est disponible dans la section ""Explorer les coachs"". Vous y verrez leurs profils, spÃ©cialitÃ©s et expÃ©riences."
coach-interaction,Comment envoyer une demande Ã  un coach ?,,"ğŸ“¤ Pour envoyer une demande, cliquez sur le profil du coach de votre choix et sÃ©lectionnez ""Envoyer une demande de connexion""."
coach-interaction,Puis-je voir les spÃ©cialitÃ©s des coachs ?,,"ğŸ§  Oui, chaque coach prÃ©sente ses spÃ©cialitÃ©s, son expÃ©rience et sa bio directement dans son profil."
coach-interaction,Comment savoir si un coach a acceptÃ© ma demande ?,,"âœ… Consultez la section ""Mes demandes"". Vous y verrez si votre demande est en attente, acceptÃ©e ou refusÃ©e."
coach-interaction,"Jâ€™ai envoyÃ© une demande, comment suivre son statut ?",,"ğŸ“Š Vous pouvez suivre le statut de vos demandes dans lâ€™onglet ""Demandes envoyÃ©es"" de votre tableau de bord."
coach-interaction,Comment choisir un coach actif ?,,"ğŸ¯ Une fois que plusieurs coachs ont acceptÃ© vos demandes, vous pouvez sÃ©lectionner votre coach actif dans la liste."
coach-interaction,"Je veux parler Ã  mon coach, comment faire ?",,"ğŸ’¬ Si votre demande a Ã©tÃ© acceptÃ©e, rendez-vous dans la messagerie intÃ©grÃ©e pour Ã©changer directement avec votre coach."
coach-interaction,OÃ¹ se trouve la messagerie avec mon coach ?,,"ğŸ“± La messagerie est accessible depuis lâ€™espace ""Coaching actif"". Vous y verrez tous vos Ã©changes avec votre coach."
coach-interaction,Puis-je changer de coach ?,,"ğŸ”„ Oui, vous pouvez changer de coach en sÃ©lectionnant un autre coach parmi ceux ayant acceptÃ© votre demande."
coach-interaction,Comment mettre fin Ã  une relation avec un coach ?,,"âŒ Vous pouvez mettre fin Ã  la relation via le profil de votre coach actif en cliquant sur ""Mettre fin Ã  la relation""."
coach-interaction,Comment bloquer un coach ?,,"ğŸš« Depuis le profil de votre coach actif, vous avez lâ€™option ""Bloquer le coach"" si nÃ©cessaire."
coach-interaction,Est-ce que je peux envoyer un message Ã  mon coach ?,,"ğŸ“© Oui ! Une fois connectÃ©, utilisez la messagerie intÃ©grÃ©e pour poser des questions ou demander un suivi."
coach-interaction,Puis-je demander un plan personnalisÃ© Ã  mon coach ?,,ğŸ“ Bien sÃ»r ! Il vous suffit de contacter votre coach dans la messagerie et de demander un plan nutritionnel personnalisÃ©.
coach-interaction,OÃ¹ sont mes demandes de connexion envoyÃ©es ?,,"ğŸ“¬ Rendez-vous dans lâ€™onglet ""Mes demandes"" pour consulter toutes les demandes envoyÃ©es."
coach-interaction,Puis-je voir les demandes acceptÃ©es par les coachs ?,,"ğŸŸ¢ Oui, dans la mÃªme section, vous verrez les demandes acceptÃ©es avec possibilitÃ© de choisir un coach actif."
coach-interaction,Comment noter mon coach aprÃ¨s une pÃ©riode de suivi ?,,â­ Vous pouvez noter votre coach dans son profil une fois la relation terminÃ©e ou aprÃ¨s une pÃ©riode d'accompagnement.
coach-interaction,Je peux voir la bio et lâ€™expÃ©rience dâ€™un coach avant de me connecter ?,,"ğŸ“– Bien sÃ»r ! Avant dâ€™envoyer une demande, consultez la bio, spÃ©cialitÃ©, expÃ©rience et lieu d'exercice sur son profil."
coach-interaction,Quels types de coachs sont disponibles sur la plateforme ?,,"ğŸ§‘â€ğŸ« Sur BiteWise, vous pouvez vous connecter avec deux types d'experts : les coachs sportifs pour le suivi physique ğŸ‹ï¸â€â™‚ï¸ et les nutritionnistes pour lâ€™accompagnement alimentaire ğŸ¥—. Choisissez celui qui correspond le mieux Ã  vos objectifs santÃ© !"
,,,
advices,Combien dâ€™eau je devrais boire par jour ?,,"En gÃ©nÃ©ral, vise 1.5 Ã  2 litres par jour ğŸ’§, mais Ã§a dÃ©pend aussi de ton activitÃ© et de la tempÃ©rature ğŸŒ. Bois un peu tout au long de la journÃ©e, pas tout dâ€™un coup ğŸ˜‰"
advices,Tu as un conseil pour bien mâ€™hydrater ?,,"Garde une bouteille dâ€™eau toujours prÃ¨s de toi ğŸ§´, ajoute des rondelles de citron ğŸ‹ ou de concombre ğŸ¥’ pour donner du goÃ»t, et pense Ã  boire mÃªme si tu nâ€™as pas soif."
advices,Comment je peux boire plus dâ€™eau dans la journÃ©e ?,,"Mets une alarme toutes les 2 heures â°, utilise une appli pour suivre ta consommation ğŸ“±, ou bois un verre Ã  chaque repas et collation ğŸ½ï¸."
advices,Comment bien gÃ©rer mes calories ?,,"PrivilÃ©gie les aliments riches en nutriments ğŸ¥—, Ã©vite les boissons sucrÃ©es ğŸ¥¤, et surveille tes portions ğŸ›. Un carnet alimentaire ou une appli peut aussi tâ€™aider Ã  suivre Ã§a ğŸ“Š."
advices,Tu as une astuce pour ne pas trop manger ?,,"Mange lentement ğŸ´, pose ta fourchette entre les bouchÃ©es ğŸ§ , et Ã©coute tes signaux de satiÃ©tÃ© ğŸ˜Œ. Ton corps sait quand il en a assez."
advices,Est-ce que je dois compter mes calories ?,,"Pas forcÃ©ment ğŸ¤“ ! Lâ€™important câ€™est dâ€™avoir une alimentation Ã©quilibrÃ©e ğŸŒˆ. Mais si tu veux atteindre un objectif prÃ©cis, suivre tes apports peut Ãªtre utile ğŸ“‹."
advices,Marcher câ€™est utile pour la santÃ© ?,,"Oui ! Marcher 30 minutes par jour amÃ©liore la digestion, rÃ©duit le stress et booste ton Ã©nergie âš¡. Câ€™est simple et super efficace ğŸ’¯."
advices,Tu conseilles combien de pas par jour ?,,"Lâ€™idÃ©al est de viser 8000 Ã  10 000 pas par jour ğŸš¶â€â™€ï¸ğŸ“±. Mais mÃªme 15 minutes de marche aprÃ¨s chaque repas, câ€™est dÃ©jÃ  top pour ta santÃ© ğŸ’ª."
advices,Comment je peux bouger plus dans ma journÃ©e ?,,"Prends les escaliers ğŸƒâ€â™‚ï¸, fais une pause active toutes les heures â³, ou marche en tÃ©lÃ©phonant ğŸ“. Chaque petit mouvement compte !"
advices,Tu as un conseil bien-Ãªtre pour aujourdâ€™hui ?,,"Bien sÃ»r ğŸŒ¿ ! Prends quelques minutes pour respirer profondÃ©ment ğŸ§˜, Ã©loigne-toi des Ã©crans ğŸ‘€, et profite dâ€™un moment juste pour toi â˜•ğŸ“–."
advices,Que faire pour amÃ©liorer ma santÃ© chaque jour ?,,"De petits gestes font toute la diffÃ©rence : bien dormir ğŸ˜´, boire de lâ€™eau ğŸ’§, bouger un peu ğŸš¶, manger Ã©quilibrÃ© ğŸ¥— et surtoutâ€¦ prendre soin de ton mental ğŸ§ â¤ï¸."
advices,Comment avoir plus dâ€™Ã©nergie dans la journÃ©e ?,,"Dors suffisamment ğŸ›Œ, commence ta journÃ©e par un bon petit-dÃ©j ğŸ¥£, hydrate-toi ğŸ’¦ et fais au moins 10 minutes dâ€™activitÃ© physique ğŸƒâ€â™€ï¸"
advices,Des astuces pour rÃ©duire le stress ?,,"Respire profondÃ©ment 3 fois ğŸ§˜â€â™‚ï¸, Ã©coute de la musique douce ğŸµ, fais une courte promenade ğŸš¶â€â™‚ï¸ ou Ã©cris ce que tu ressens ğŸ“. Chaque geste compte."
advices,Donne-moi un conseil du jour !,,"Aujourdâ€™hui, essaye de manger en pleine conscience ğŸ½ï¸ğŸ§˜. Prends 10 minutes sans Ã©cran ni distraction pour savourer ton repas. Tu peux noter tes sensations dans BiteWise juste aprÃ¨s, câ€™est super utile pour comprendre ton corps ğŸ˜Š."
advices,Un tip bien-Ãªtre pour aujourdâ€™hui ?,,Marche 10 minutes aprÃ¨s ton dÃ©jeuner ğŸš¶â€â™‚ï¸ğŸ’¨. Câ€™est bon pour la digestion et Ã§a aide Ã  rÃ©guler ta glycÃ©mie. Tu peux mÃªme lâ€™ajouter dans ton suivi BiteWise pour garder une trace de tes bonnes habitudes ğŸ“².
advices,Tu as un conseil pour bien commencer la journÃ©e ?,,"Commence ta journÃ©e par un grand verre dâ€™eau ğŸ’§, un petit-dÃ©j riche en fibres ğŸ¥£ et quelques Ã©tirements ğŸ§˜â€â™€ï¸. Nâ€™oublie pas de scanner ton repas sur BiteWise pour bien dÃ©marrer cÃ´tÃ© nutrition ! ğŸ“¸"
advices,Dis-moi un conseil santÃ© pour aujourdâ€™hui,,"Essaie de remplir ton assiette avec au moins 3 couleurs diffÃ©rentes ğŸŒˆ (ex : brocoli ğŸ¥¦, carotte ğŸ¥•, tomate ğŸ…). Câ€™est un bon rÃ©flexe pour tâ€™assurer dâ€™avoir un repas Ã©quilibrÃ©. BiteWise tâ€™aidera Ã  repÃ©rer les bons apports ğŸ‘Œ."
advices,Une astuce nutrition aujourdâ€™hui ?,,"PrivilÃ©gie des snacks sains entre les repas ğŸğŸ¥œ. Une pomme, quelques amandes ou un yaourt nature sont parfaits pour maintenir ton Ã©nergie. Tu peux les ajouter facilement dans BiteWise depuis ton tableau nutrition ğŸ“±."
advices,Je veux un conseil motivant pour aujourdâ€™hui,,"Tu avances, mÃªme doucement, et câ€™est dÃ©jÃ  gÃ©nial ğŸ’ª ! Pense Ã  enregistrer tes progrÃ¨s dans BiteWise : chaque repas Ã©quilibrÃ©, chaque verre dâ€™eau, chaque mouvement compte ğŸ¯. Garde le cap !"
advices,Une routine bien-Ãªtre rapide pour aujourdâ€™hui ?,,"Planifie tes repas sur BiteWise ce matin ğŸ“…, bois 1 verre dâ€™eau Ã  chaque pause ğŸ’§, et accorde-toi 10 minutes de calme sans tÃ©lÃ©phone ce soir ğŸ“µğŸŒ™. Simple, mais puissant ğŸ’«."
,,,
,,,
get_nutrition_info,Infos nutritionnelles pour une pomme,pomme,"Une pomme moyenne (~182g) contient environ 95 kcal, 0.5g de protÃ©ines, 0.3g de lipides, 25g de glucides (dont 19g de sucre et 4.4g de fibres)."
get_nutrition_info,Valeurs nutritionnelles de 100g de poulet grillÃ©,100g de poulet grillÃ©,"Pour 100g de poulet grillÃ© : ~165 kcal, 31g de protÃ©ines, 3.6g de lipides, 0g de glucides."
get_nutrition_info,Donne-moi le dÃ©tail nutritionnel du riz blanc cuit,riz blanc cuit,"Une tasse de riz blanc cuit (~158g) : ~205 kcal, 4.3g de protÃ©ines, 0.4g de lipides, 45g de glucides (dont 0.6g de fibres)."
get_nutrition_info,Tableau nutritionnel avocat,avocat,"Un demi-avocat (~100g) : ~160 kcal, 2g de protÃ©ines, 15g de lipides (surtout insaturÃ©s), 9g de glucides (dont 7g de fibres)."
get_nutrition_info,Quelles sont les macros pour les amandes ?,amandes,"Pour 28g d'amandes : ~164 kcal, 6g de protÃ©ines (P), 14g de lipides (L), 6g de glucides (G)."
get_nutrition_info,Peux-tu me donner les calories et les protÃ©ines d'une tranche de pain complet ?,tranche de pain complet,Peux-tu me donner les calories et les protÃ©ines d'une tranche de pain complet ?
get_nutrition_info,"Je veux les glucides, lipides et fibres pour le brocoli vapeur",brocoli vapeur,"Pour 100g de brocoli vapeur : ~55 kcal, 3.7g de protÃ©ines, 0.6g de lipides, 11g de glucides (dont 5g de fibres)."
get_nutrition_info,"Calories, sucre et gras dans une banane ?",banane,Une------
get_nutrition_info,DÃ©tails pour 100g de saumon cuit,100g de saumon cuit,"100g de saumon cuit : ~208 kcal, 20g prot, 13g lip (riche en OmÃ©ga-3), 0g gluc."
get_nutrition_info,Donne-moi le tableau nutritionnel de 100g de poulet grillÃ©,100g de poulet grillÃ©,"Pour 100g de poulet grillÃ© : ~165 kcal, 31g prot, 3.6g lip, 0g gluc."
get_nutrition_info,Quelles sont les valeurs nutritionnelles du riz blanc cuit ?,riz blanc cuit,"Pour une tasse (158g) de riz blanc cuit : ~205 kcal, 4.3g prot, 0.4g lip, 45g gluc (dont 0.6g fibres)."
get_nutrition_info,"Qu'y a-t-il dans deux Å“ufs durs, nutritionnellement parlant ?",deux Å“ufs durs,"Deux banane moyenne (~118g) contient environ 105 kcal, 14g de sucre et moins de 0.5g de gras (lipides)."
get_nutrition_info,Dis-moi tout sur le saumon grillÃ© nutritionnellement.,saumon grillÃ©,"100g de saumon grillÃ© : ~208 kcal, 22g de protÃ©ines, 13g de lipides (riche en omÃ©ga-3), 0g de glucides."
get_nutrition_info,"Lait demi-Ã©crÃ©mÃ©, dÃ©tails nutrition ?",Lait demi-Ã©crÃ©mÃ©,"Pour 100ml de lait demi-Ã©crÃ©mÃ© : ~47 kcal, 3.4g de protÃ©ines, 1.6g de lipides, 4.8g de glucides (lactose)."
get_nutrition_info,Quelle est la composition nutritionnelle du yaourt grec nature ?,yaourt grec nature,"Pour 100g de yaourt grec nature 0% : ~59 kcal, 10g de protÃ©ines, 0.4g de lipides, 3.6g de glucides."
get_nutrition_info,Glucides et fibres dans les lentilles vertes cuites,lentilles vertes cuites,"100g de lentilles vertes cuites : ~116 kcal, 9info`"
get_nutrition_info,Apport nutritionnel complet pour 50g de flocons d'avoine,50g de flocons d'avoine,"50g de flocons d'avoine crus : ~190 kcal, 8.5g de protÃ©ines, 3.5g de lipides, 33g de glucides (dont 5g de fibres)."
get_nutrition_info,"DÃ©tail calories, protÃ©ines, lipides pour 100g de tofu ferme",100g de tofu ferme,"Pour 100g de tofu ferme : environ 145 kcal, 16g deg prot, 0.4g lip, 20g gluc (dont 8g fibres)."
get_nutrition_info,Infos nutritionnelles salade niÃ§oise,salade niÃ§oise,"TrÃ¨s variable ! DÃ©pend des ingrÃ©dients (thon, Å“ufs, olives, anchois...) et de la vinaigrette. Peut aller de 300 Ã  600+ kcal. Difficile sans recette prÃ©cise."
get_nutrition_info,Lipides et calories pour un croissant au beurre,croissant au beurre,"Un croissant moyen (57g) : ~230 kcal, 5g prot, 12g lip, 26g gluc."
get_nutrition_info,Valeurs nutritionnelles 30g de chocolat au lait,30g de chocolat au lait,"Pour 30g de chocolat au lait : ~160 kcal, 2.3g prot, 9g lip (souvent saturÃ©s), 17g gluc (dont ~15g sucre)."
get_nutrition_info,DÃ©tails pour 250ml de soupe de tomate en brique,250ml de soupe de tomate en brique,"Pour 250ml (un bol) de soupe tomate en brique : ~150-200 kcal, ~3-5g prot, ~5-8g lip, ~18-25g gluc (dont ~10-15g sucre, ~3-5g fibres). Varie selon marque/recette."
get_nutrition_info,Composition d'une tranche de jambon blanc,tranche de jambon blanc,"Une tranche de jambon blanc (~30g) : ~30-40 kcal, ~5-6g prot, ~1-2g lip, <1g gluc. Teneur en sel Ã  surveiller."
get_nutrition_info,DonnÃ©es pour 100ml de crÃ¨me fraÃ®che Ã©paisse (30% MG),100ml de crÃ¨me fraÃ®che Ã©paisse (30% MG),"Pour 100ml de crÃ¨me fraÃ®che 30% MG : ~292 kcal, 2.3g prot, 30g lip (majoritÃ© saturÃ©s), 3.1g gluc."
get_nutrition_info,Tout sur le beurre de cacahuÃ¨te (1 cuillÃ¨re),beurre de cacahuÃ¨te (1 cuillÃ¨re),"Une cuillÃ¨re Ã  soupe de beurre de cacahuÃ¨te (~16g) : ~95 kcal, 4g prot, 8g lip, 3.5g gluc (dont 1g fibres, 1.5g sucre). Choisir versions sans sucre/huile ajoutÃ©s."
get_nutrition_info,Infos pour un matcha latte (fait avec lait d'amande),matcha latte (fait avec lait d'amande),"Pour un matcha latte moyen (~350ml) au lait d'amande non sucrÃ© : ~50-80 kcal, 1-2g prot, 3-5g lip, 5-10g gluc (varie si sucrÃ©). Contient des antioxydants du matcha."
get_nutrition_info,Valeurs pour une salade verte simple avec vinaigrette lÃ©gÃ¨re,salade verte simple avec vinaigrette lÃ©gÃ¨re,
get_nutrition_info,Quelles sont les stats nutritionnelles d'une barre protÃ©inÃ©e type Quest ?,barre protÃ©inÃ©e type Quest,"Une barre Quest typique : ~180-210 kcal, ~20g prot, ~7-9g lip, ~20-25g gluc (dont ~15g fibres, ~1g sucre net, Ã©dulcorants)."
get_nutrition_info,Valeurs pour une part de gÃ¢teau au chocolat maison,part de gÃ¢teau au chocolat maison,"ExtrÃªmement variable ! Une part peut aller de 300 Ã  600+ kcal. DÃ©pend de la recette (beurre, sucre, chocolat, glaÃ§age...). Difficile de donner des valeurs sans plus de dÃ©tails."
get_nutrition_info,Tout sur la dinde hachÃ©e (100g cuite),dinde hachÃ©e (100g cuite)	,"100g de dinde hachÃ©e cuite (~7% MG crue) : ~170 kcal, ~28g prot, ~6g lip, 0g gluc. Alternative plus maigre au bÅ“uf hachÃ©."
get_nutrition_info,Analyse pour le sirop d'Ã©rable (1 cuillÃ¨re Ã  soupe),sirop d'Ã©rable (1 cuillÃ¨re Ã  soupe),"Une cuillÃ¨re Ã  soupe (~20g) de sirop d'Ã©rable : ~52 kcal, 0g prot/lip, 13.5g gluc (dont 12g sucre). Contient quelques minÃ©raux (manganÃ¨se, zinc)."
get_nutrition_info,DÃ©tails nutritionnels Ojja Merguez,Ojja Merguez,"Riche et savoureux ! Une portion d'Ojja Merguez peut varier de 400 Ã  700 kcal. DÃ©pend de la quantitÃ© d'huile, d'Å“ufs et de merguez (qui sont grasses). Apporte protÃ©ines et lipides"
get_nutrition_info,Composition du Lablabi,Lablabi,"Plat roboratif Ã  base de pois chiches. Un bol peut aller de 400 Ã  600 kcal. Apporte protÃ©ines vÃ©gÃ©tales, fibres, glucides (pois chiches, pain). La quantitÃ© d'huile, harissa et thon/Å“uf influence beaucoup."
get_nutrition_info,Infos nutritionnelles Chorba Frik,Chorba Frik,"Soupe Ã  base de blÃ© vert concassÃ© (frik), souvent avec viande (agneau/poulet), lÃ©gumes, tomate. Un bol : ~200-400 kcal. Apporte glucides complexes, fibres, protÃ©ines. DÃ©pend du gras de la viande."
get_nutrition_info,Macros pour le Kefteji,Kefteji,"Plat populaire Ã  base de lÃ©gumes frits (pdt, poivron, tomate, courgette), Å“uf frit, souvent servi avec merguez/foie. TrÃ¨s riche en lipides (friture). ~500-800+ kcal par assiette."